<?xml version="1.0"?>
<doc>
    <assembly>
        <name>Microsoft.AspNet.SignalR.Owin</name>
    </assembly>
    <members>
        <member name="M:Microsoft.AspNet.SignalR.TaskAsyncHelper.Interleave``1(System.Func{``0,System.Func{System.Threading.Tasks.Task},System.Threading.Tasks.Task},System.Func{System.Threading.Tasks.Task},``0,System.Threading.Tasks.TaskCompletionSource{System.Object})">
            <summary>
            Passes a task returning function into another task returning function so that
            it can decide when it starts and returns a task that completes when all are finished
            </summary>
        </member>
        <member name="T:Microsoft.AspNet.SignalR.Owin.Infrastructure.Headers">
            <summary>
            Helper methods for creating and consuming CallParameters.Headers and ResultParameters.Headers.
            </summary>
        </member>
        <member name="T:Microsoft.AspNet.SignalR.Owin.WebSocketConstants">
            <summary>
            Standard keys and values for use within the OWIN interfaces
            </summary>
        </member>
    </members>
</doc>
